{
  "name": "bootstrap-select",
  "main": [
    "less/bootstrap-select.less",
    "dist/css/bootstrap-select.css",
    "dist/js/bootstrap-select.js"
  ],
  "homepage": "http://silviomoreto.github.io/bootstrap-select",
  "authors": [
    "silviomoreto"
  ],
  "keywords": [
    "form",
    "bootstrap",
    "select",
    "replacement"
  ],
  "dependencies": {
    "jquery": ">=1.8"
  },
  "license": "MIT",
  "ignore": [
    ".gitignore",
    "CONTRIBUTING.md",
    "Gruntfile.js",
    "README.md",
    "composer.json",
    "package.json",
    "test.html"
  ],
  "version": "1.12.2",
  "_release": "1.12.2",
  "_resolution": {
    "type": "version",
    "tag": "v1.12.2",
    "commit": "4eb040b7097fd8eab8184e54efe973ce8468e9b2"
  },
  "_source": "https://github.com/silviomoreto/bootstrap-select.git",
  "_target": "^1.11.2",
  "_originalSource": "bootstrap-select"
}